account,id,created_at,impressions,reposts,quotes,likes,replies,images,is_quote,text
mymoods_vape,2088943863532753320,2026-08-16T11:00:02.000Z,1363,0,0,0,0,1,0,【フレーバー入荷・次回入荷予定につきまして】 お客様各位 お世話になっております。MyMoods公式です。 この度は、ECサイト移行・在庫欠品により、ご不便・ご迷惑をおかけしており、大変申し訳ございません。 https://t.co/y1lKtOhHFj
mymoods_vape,2087106496299712689,2026-08-11T09:18:59.000Z,735,0,0,0,0,0,0,【追記・フレーバー入荷につきまして】 ・LYCHEE DUO ICE 3% ・MINT ICE 5% ・FUJI DUO ICE 5% ・LYCHEE DUO ICE 5% ・ROYAL MANGO 5% ・GRAPE ICE 5% 大変申し訳ございませんが、上記フレーバーの入荷には1か月以上かかります。
mymoods_vape,2086769540478943587,2026-08-10T11:00:03.000Z,3359,0,0,6,3,1,0,【お詫びと重要なお知らせ】 お客様各位 いつもお世話になっております。 この度は、MyMoods ECサイトのシステム移行に伴いまして、お問い合わせ対応や商品発送対応につきましてご不便・ご迷惑をおかけしており、大変申し訳ございません。 ■フォーム不具合の解消につきまして https://t.co/EFtcrSoUAx
mymoods_vape,2085319978664837534,2026-08-06T11:00:00.000Z,3441,0,0,0,11,2,0,いよいよ夏本番🏄 これから増えてくる音楽フェス・クラブイベントにもベイプはおすすめ✌ 音楽やダンスといっしょにお気に入りのフレーバーを楽しめば、さらに素敵な時間を過ごせるはず🪩 （ベイプを吸う際は、決められた区画やマナーを守りましょう） https://t.co/fsL8ycLfSM
mymoods_vape,2084957591503810653,2026-08-05T11:00:01.000Z,2743,0,0,0,5,2,0,.𖥔 ݁ ˖ ✦ ‧₊˚ ⋅.𖥔.𖥔 ݁ ˖ ✦ ‧₊˚ ⋅.𖥔 自由きままに。 🫧ベイプの吸い方•楽しみ方🫧 .𖥔 ݁ ˖ ✦ ‧₊˚ ⋅.𖥔.𖥔 ݁ ˖ ✦ ‧₊˚ ⋅.𖥔 デバイスをしっかりと充電し、マウスピース（吸い口）に口をつけ、深く息を吸うだけ。 上質なフレーバーと味わいが瞬く間に広がります💨 https://t.co/4OKn7TlzOs
mymoods_vape,2084595210747564282,2026-08-04T11:00:02.000Z,2471,1,0,3,3,1,0,和の香りを感じる柑橘ですきっと爽やか🍃 きゅんと甘酸っぱいフレーバーでリラックス。 MyMoods VAPE YUZU🍊🌿 太陽をたっぷり浴び、黄色く色づいたゆずを絞ったような、フレッシュ感あふれる味わい。 皮の苦味もほのかに香る吸い味は、他のベイプにはない極上のリアル感です🍊 https://t.co/dQdlKtiNUD
mymoods_vape,2084232826115760622,2026-08-03T11:00:03.000Z,2604,0,1,1,5,4,0,【What's MyMoods VAPE？】 MyMoods VAPEは“吸う”という行為を通し、『気分をデザインする体験』をご提供する、リラクゼーションデバイスです。 https://t.co/4jUxRCPfma
mymoods_vape,2083870426615193679,2026-08-02T11:00:00.000Z,1593,0,0,0,1,3,0,季節やシーンに合わせて。 気分を着替える、MyMoods VAPE。 なにもしない休みの日も、クラブで踊り明かす日も、心配ごとで頭がいっぱいの日も。 ひと吸いであなたを着替える、気分をデザインする体験を。 https://t.co/eAO3tMlDHL
mymoods_vape,2083508039206732252,2026-08-01T11:00:00.000Z,1792,0,1,4,2,1,0,蒸し暑くて長い、日本の夏🌧️ 強冷メンソールとライチの爽快感で吹き飛ばして🌊 MyMoods VAPE LYCHEE DUO ICE🧊 シャリっと凍らせたライチを味わうような、染みわたる甘さと透き通った冷たい吸い心地が気持ち良いベイプ。真夏にぴったりの味わいを、ぜひともお試しください。 https://t.co/ElYW3MX6x9
mymoods_vape,2083145650208645175,2026-07-31T11:00:00.000Z,1458,0,0,0,1,2,0,◤￣￣￣￣￣￣￣￣￣￣￣ MyMoods VAPEで ノンニコチンデビュー🍰 ＿＿＿＿＿＿＿＿＿＿＿◢ 数多くのベイプを取り扱ってきたMyMoodsが、自信を持ってお届けする日本発ベイプ・ポケットシーシャブランド。 ✅タールフリーでクリーンに楽しめる🫧 https://t.co/OyWUJtnHdk
mymoods_vape,2082783270203449826,2026-07-30T11:00:02.000Z,1543,0,0,5,0,4,0,メンソール好き集合🏃 MyMoods VAPEで大人気の『ICE』系フレーバー、おすすめをご紹介✌（ノンニコチン） ◇BULE RAZZ ICE🫐 ブルーベリー×メンソールの王道フレーバー。暑い日をひと吸いで快適に。 ◇KIWI ICE🥝 ひんやりとしたキウイの甘酸っぱさを吸い込んで。ゆっくりとくつろぐひととき。 https://t.co/AVU5CRnrNh
mymoods_vape,2082420883520651342,2026-07-29T11:00:02.000Z,1268,0,0,0,1,4,0,バーベキューシーズン到来🍖 野外で肉料理を味わうときでも、MyMoodsVAPEは大活躍。 メンソール系フレーバー、ライムやパイナップルなどのさわやかなフルーツフレーバーで口をさっぱりさせれば、楽しい時間はさらに盛り上がっていくはず。 https://t.co/rtGuexPVy8
mymoods_vape,2082058488792928372,2026-07-28T11:00:01.000Z,1376,0,0,2,0,1,0,【ニコチンベイプ譲渡にご注意】 「買ってみたけど吸わないから友達に譲ろうかな……」 「知り合いからタダでもらったんだけど……」 ニコパフなどのニコチン含有製品は法律において薬品に該当します。 https://t.co/rf7fvBbD7w
mymoods_vape,2081696102563135503,2026-07-27T11:00:01.000Z,1097,0,0,1,0,4,0,＼＼🏖️夏本番！ひとときの南国トリップを🏝️／／ 海辺にパラソルを立てて、ビーチベットに寝そべって…… あこがれのトロピカルな体験を、おすすめフルーツフレーバーでかなえよう。 ▶GUAVA ICE🍹 グアバのさわやかでエキゾチックな甘味とメンソールが織りなす、極上の深呼吸。 ▶LEMON SHERBET🍋 https://t.co/W057EpPtOS
mymoods_vape,2081333715847033011,2026-07-26T11:00:01.000Z,841,0,0,0,0,1,0,◤￣￣￣￣￣￣￣￣￣￣￣￣￣ ✅再周知✅ MyMoodsの最新情報を 公式LINEで逃さずチェック ＿＿＿＿＿＿＿＿＿＿＿＿＿◢ 現在、MyMoodsは公式LINEを移行しております。お手数ですが、登録がお済みでない方は、プロフィールのリンクよりご登録ください。 https://t.co/cdAqBKlp4s
mymoods_vape,2080971326609637429,2026-07-25T11:00:01.000Z,956,1,0,2,0,1,0,濃厚スムージーのような、強烈なフレーバー体験🍹 MyMoods VAPE『KIWI DRAGON ICE』🐉 キウイとドラゴンアイスをミックスしたトロピカルなうまみに、ひんやりとしたメンソールをプラス。 氷と果実を砕いて作ったジュースを異国の屋台で楽しむような、南国気分を手軽に楽しめます🏖️ https://t.co/NhgmTlkr5b
mymoods_vape,2080608937255325735,2026-07-24T11:00:01.000Z,899,0,0,0,0,3,0,ポケットに入る。シンプルだからこそ際立つ。 あなたの個性を香らせるデバイスデザイン。 金属の質感が高級感を高め、スタイリッシュにもカジュアルにも持つことができる、気分をデザインする体験を。 https://t.co/whDZMl2YZM
mymoods_vape,2080246560462393364,2026-07-23T11:00:03.000Z,982,0,0,0,0,2,0,／ POD型VAPEとはどんなベイプ？ ＼ フレーバーリキッドなどが入ったポッドと、繰り返し充電して使えるデバイスから構成。吸い終わったり、別の味に変えたいときは、ポッド部分をさっと取り換え。 https://t.co/Iv1k5afntj
mymoods_vape,2079884171045187883,2026-07-22T11:00:03.000Z,693,0,0,0,0,1,0,／ 没入、どこまでも続く。 ＼ 仕事、ゲーム、創作活動に休憩は必要不可欠。でも、集中は切らしたくない。 MyMoods VAPEは軽量デバイス×タールフリー。省スペースかつにおいを気にすることなく、デスクでも、お気に入りのソファーの上でも楽しめる。 鮮烈な香りと個性を身にまとい、新たな境地へ。 https://t.co/gyEFaByGQ1
mymoods_vape,2079521771578114172,2026-07-21T11:00:00.000Z,772,0,0,0,0,1,0,ひと吸いで、氷点下直行🧊 🍋LEMON SHERBET🍋 暑い日差しの下、夢中で味わうミントを添えたレモンシャーベット。 突き抜ける甘酸っぱさと冷たさを再現したフレーバーは、じめじめと暑い夏に心地よい、極上のベイプに仕上がっています☀️ https://t.co/i7jijdjxcW
mymoods_vape,2079159384924377271,2026-07-20T11:00:00.000Z,738,0,0,0,0,2,0,◤￣￣￣￣￣￣￣￣￣￣￣￣￣ 🥭ふたつのマンゴー🥭 🏄あなたはどっち？🏄 ＿＿＿＿＿＿＿＿＿＿＿＿＿◢ トロピカルな気分を呼び覚ます。 MyMoods VAPE自慢のマンゴーフレーバー『ROYAL MANGO』『MANGO PEACH WATERMELON』🥭🍉🍑 https://t.co/rnz6XeIP2U
mymoods_vape,2078796994982584536,2026-07-19T11:00:00.000Z,1364,0,0,0,0,0,1,🔥MyMoodsの日は本日23:59まで🔥 MyMoods公式サイトのチェックをお忘れなく✅ https://t.co/ajYotG6PeI
mymoods_vape,2078434611143840008,2026-07-18T11:00:01.000Z,1926,0,1,0,0,1,0,【🎁告知と同時に開催🎁】 月に1度、ベイプがお得な日🏖️ 暑い夏をさらにアツく🔥MyMoodsの日が今月も開催💪 7/18 20:00〜 7/19 23:59まで！ 【公式サイト】 ◆全品10%OFF（ニコチン•ノンニコチン） 🔵3点以上の購入で30%OFF🔵 （デバイス対象外） 【楽天】 ◆全品10%OFF https://t.co/i8dze6T3jy
mymoods_vape,2078072233159737798,2026-07-17T11:00:03.000Z,786,0,0,0,0,1,0,／ 月に一度のお楽しみ🌊 今月も開催🎁 ＼ 明日、18日はMyMoodsの日🗓️ 月に一度のお得を楽しもう💰 ベイプをもっと気軽に、身近に感じられる一日を。 https://t.co/YOZ6ibOk8w
mymoods_vape,2077709843037569183,2026-07-16T11:00:03.000Z,689,0,0,1,0,1,0,アウトドアシーンにおすすめ。 まるで森林浴のような深呼吸をお手元に🌲 『FOREST MINT』は、目の覚めるようなミントフレーバーにウッディーなムードが香る、ありそうでなかったニュアンスのミント系フレーバー。 https://t.co/MRn2VA8J1e
mymoods_vape,2076985067109511287,2026-07-14T11:00:03.000Z,793,0,0,2,0,4,0,.𖥔 ݁ ˖ ✦ ‧₊˚ ⋅.𖥔.𖥔 ݁ ˖ ✦ ‧₊˚ ⋅.𖥔 日常に、非日常のセッションを。 MyMoods SESSIONS .𖥔 ݁ ˖ ✦ ‧₊˚ ⋅.𖥔.𖥔 ݁ ˖ ✦ ‧₊˚ ⋅.𖥔 https://t.co/Po8hj0byrh
mymoods_vape,2076622679851843806,2026-07-13T11:00:03.000Z,695,0,0,0,0,1,0,夏の日差しの陰で、どんよりとけぶる雨の日も。 どんなときでも、自分を見失わないMoodをこの手に。 MyMoods VAPE ・BLUE RAZZ ICE ・KIWI ICE ・LEMON SHERBET 清涼感あるメンソール×フルーツフレーバーで、憂鬱を吹き飛ばそう。 https://t.co/KtNkxF2vQH
mymoods_vape,2076260531401277643,2026-07-12T11:01:00.000Z,718,0,0,0,0,2,0,monthly artist interview Tokyo Young Vision DALU ①『夜の街へ飛び出したい時』は、いつもどんな時ですか？」 夜の街に飛び出したい時は友達と クラブに行って騒ぎたい時だったり、 はたまたデートしたい時とか みんなと同じだと思いますが 自分なりのムードをかなり大事にしてます！ https://t.co/pAl6WdwyNs
mymoods_vape,2076260279961219139,2026-07-12T11:00:00.000Z,624,0,0,1,0,1,0,MyMoods SESSIONS 7月のマンスリー・ アーティストプレイリスト🏖️☀️ https://t.co/zaSjRpJTBW 今月は東京を拠点に活躍するヒップホップクルー•Tokyo Young VisionのDALU氏が楽曲をセレクト。 夏の夜、昼のジリジリした熱気から解放されて夜の街へ飛び出す時のMood。 https://t.co/Ae2gAJOrmh
mymoods_vape,2075897892376567997,2026-07-11T11:00:00.000Z,957,0,0,2,0,2,0,いよいよ夏本番🏄 これから増えてくる音楽フェス・クラブイベントにもベイプはおすすめ✌ 音楽やダンスといっしょにお気に入りのフレーバーを楽しめば、さらに素敵な時間を過ごせるはず🪩 （ベイプを吸う際は、決められた区画やマナーを守りましょう） https://t.co/rwb8uBRUPW
mymoods_vape,2075535505245032957,2026-07-10T11:00:00.000Z,1532,0,0,1,0,4,0,有名人やラッパーなども愛用！ 新たなカルチャーとなりつつある『ベイプ・ポケットシーシャ』とは🐳 香料などの成分が入ったリキッドを、デバイスに内蔵された装置により電気で加熱し、発生した蒸気を吸引する、電子タバコの一種です🌟 https://t.co/3LHzsgdb6U
mymoods_vape,2075173116662235604,2026-07-09T11:00:00.000Z,1617,1,1,2,0,1,0,【ご注意ください】 ・販売サイトなどを経由せずに、SNSなどを用いて個人や業者を名乗る者から国内で直接ニコチンベイプ•ニコパフを売り買いする ・友人や第三者などからニコチンベイプを直接譲渡される、あるいは譲渡する https://t.co/zJqstQyOPY
mymoods_vape,2074810735734198601,2026-07-08T11:00:02.000Z,635,0,0,1,0,2,0,濃厚でミルキーな 極上のデザート系フレーバー🐮🍨 『YOGURT BLUEBERRY』は、まろやかなヨーグルトの酸味とブルーベリーの甘酸っぱさが心地よいフレーバー。 https://t.co/Rgrw1VWFUN
mymoods_vape,2074795762882625606,2026-07-08T10:00:32.000Z,2545,22,0,23,17,1,0,🎁山ちゃん × MyMoods 特別プレゼント企画🎁 “山ちゃん”が選ぶ、最高の一品。🔥 YouTubeで大人気の山ちゃん× MyMoodsによるスペシャルタイアップキャンペーン開催！ ここでしか手に入らない 【山ちゃん】刻印入りオリジナルMyMoodsデバイスを総勢20名様にプレゼント🎉 さらに… https://t.co/QsWy1zZh04
mymoods_vape,2074448347247616108,2026-07-07T11:00:02.000Z,685,0,0,0,0,1,0,本日は七夕🌃 星空に想いを馳せながら、ベイプをゆっくりと楽しむひとときを💫 さまざまな用途やシーンで香りや味を楽しみ、ひとりでもみんなでも『気分』をデザインする。それが、MyMoods VAPEです🫧 https://t.co/MxKXy90wvM
mymoods_vape,2074085955246370933,2026-07-06T11:00:01.000Z,644,0,0,0,0,2,0,／ 活力みなぎる エナジードリンクフレーバー💪 ＼ 『ENERGY』は、吸うだけで前向きになれるような、エナジードリンクの甘酸っぱさをイメージしたフレーバー🍹 年始の楽しい予定、ライブやスポーツ観戦や、もちろん仕事などで気合を入れたいときも。あなたを強力にバックアップするベイプです。 https://t.co/cBgWIp3dDy
mymoods_vape,2073723572598542363,2026-07-05T11:00:02.000Z,845,0,0,0,0,3,0,ストリートでも、ひとりの部屋でも、仲間といっしょのときでも。 現在29種類、これからも増え続ける豊富なフレーバーが、あなただけの気分をデザインする。 https://t.co/xympieqEvR
mymoods_vape,2073361186414825846,2026-07-04T11:00:02.000Z,813,0,0,1,0,4,0,／ あなたにぴったりの フレーバーを探そう🫧 ＼ MyMoods VAPEのフレーバーは全部で29種類。フルーツ系、メンソール系、ドリンク系、スイーツ系まで、多種多様な味わいをラインナップ。 大人気&amp;担当者おすすめを3つピックアップ🗒️ ・FUJI DUO ICE🍎 ・GRAPE ICE🍇 ・YOGURT BLUEBERRY🫐 https://t.co/VRw1G1s6cj
mymoods_vape,2072998802156581211,2026-07-03T11:00:03.000Z,629,0,0,0,0,1,0,どんより気分を晴らす、この魔法。 ✅いつでも手軽に楽しめる価格💰 ✅29種類のフレーバーで気分に合わせて🍎 ✅定期お届け便・お得なセットもあり☕ あなたらしさを見つける新習慣を、MyMoodsVAPEで。 https://t.co/dZAbi0dhCL
mymoods_vape,2072636406791569492,2026-07-02T11:00:01.000Z,603,0,0,0,0,2,0,もぎたてぶどうを凝縮した 濃厚でジューシーな味わいの虜に🍇 『GRAPE』は、オーソドックスなフレーバーでありながら、こだわりの果実感とジューシーさを楽しめるポケットシーシャ。 ぶどうをかじったようなリアル感は、MyMoodsVAPEにしか出せない味わいです🫧 https://t.co/jKcwfHBLLo
nicopuff_pr,2069771702889042003,2026-06-24T13:16:43.000Z,271,0,0,1,0,0,0,https://t.co/UrH6C897H4
nicopuff_pr,2069771650707726773,2026-06-24T13:16:30.000Z,860,0,0,2,1,1,0,🚀 Amazon販売開始 🚀 NICOPUFF GALAXY Series がAmazonで販売スタート！ 販売開始を記念して期間限定30%OFFキャンペーン開催中✨ クーポンコード 【NICOPUFF30】 気になっていた方はこの機会にぜひ🔥 期間は7月1日の23:59まで！⏰ #NICOPUFF #Amazon #VAPE #GALAXYSeries #新発売 #セール #割引 https:/
nicopuff_pr,2015545221623496705,2026-01-25T22:00:02.000Z,2876,1,0,3,1,0,0,@g__gan 様 ご当選おめでとうございます🎉 ご案内をDMにてお送りしましたので ご確認をよろしくお願い致します🙇
nicopuff_pr,2015267128405037354,2026-01-25T03:34:59.000Z,3755,5,0,12,0,1,1,【✨総勢15名に当たる✨】 🎁ニコパフ プレゼントキャンペーン🎁 15日間の毎日抽選✨ 🔔本日最後の抽選になります！ 🔔 引用元のツイートよりどなたでも参加OK🔥 Threadsでもキャンペーン中💫 ダブル参加で当選率2倍⚡️🔥 https://t.co/BVSYiFza6X… 📢 公式LINE追加で 30％OFFクーポン配布中！🎟️🌟 https://t.co/VUnffrPjN8 https:
nicopuff_pr,2015218931225776349,2026-01-25T00:23:28.000Z,1915,0,1,4,1,0,0,@AutumnLab0w0 様 ご当選おめでとうございます🎉 ご案内をDMにてお送りしましたので ご確認をよろしくお願い致します🙇
nicopuff_pr,2014959429008163177,2026-01-24T07:12:18.000Z,2958,3,0,13,2,1,1,【✨総勢15名に当たる✨】 🎁ニコパフ プレゼントキャンペーン🎁 15日間の毎日抽選✨ 本日も抽選あります！ 💫 引用元のツイートよりどなたでも参加OK🔥 Threadsでもキャンペーン中💫 ダブル参加で当選率2倍⚡️🔥 https://t.co/BVSYiFza6X… 📢 公式LINE追加で 30％OFFクーポン配布中！🎟️🌟 https://t.co/vMXj9HEWXz https://t.
nicopuff_pr,2014820442423345401,2026-01-23T22:00:01.000Z,1378,1,1,5,1,0,0,@2xllzry 様 ご当選おめでとうございます🎉 ご案内をDMにてお送りしましたので ご確認をよろしくお願い致します🙇
nicopuff_pr,2014612315086454791,2026-01-23T08:13:00.000Z,1056,1,0,4,0,0,0,製品についての詳細や 限定情報は公式サイトをチェック✅ 30%OFFクーポン配布中💫 https://t.co/CeL456qMcl￼
nicopuff_pr,2014611916917027287,2026-01-23T08:11:25.000Z,1914,6,0,10,2,1,1,【✨総勢15名に当たる✨】 🎁ニコパフ プレゼントキャンペーン🎁 15日間の毎日抽選✨ 本日も抽選あります！ 💫 引用元のツイートよりどなたでも参加OK🔥 Threadsでもキャンペーン中💫 ダブル参加で当選率2倍⚡️🔥 https://t.co/BVSYiFza6X… 📢 公式LINE追加で 30％OFFクーポン配布中！🎟️🌟 https://t.co/1FXmgH1SXa https://t.
nicopuff_pr,2014458054235029918,2026-01-22T22:00:01.000Z,938,0,0,4,0,0,0,@20gb___ 様 ご当選おめでとうございます🎉 ご案内をDMにてお送りしましたので ご確認をよろしくお願い致します🙇
nicopuff_pr,2014233870124896498,2026-01-22T07:09:11.000Z,1943,6,0,12,1,1,1,【✨総勢15名に当たる✨】 🎁ニコパフ プレゼントキャンペーン🎁 15日間の毎日抽選✨ 本日も抽選あります！ 💫 引用元のツイートよりどなたでも参加OK🔥 Threadsでもキャンペーン中💫 ダブル参加で当選率2倍⚡️🔥 https://t.co/BVSYiFza6X… 📢 公式LINE追加で 30％OFFクーポン配布中！🎟️🌟 https://t.co/gKFO9RcN43 https://t.
nicopuff_pr,2014095666079998368,2026-01-21T22:00:01.000Z,772,0,0,5,0,0,0,@_hearf_77 様 ご当選おめでとうございます🎉 ご案内をDMにてお送りしましたので ご確認をよろしくお願い致します🙇
nicopuff_pr,2013893167662408006,2026-01-21T08:35:22.000Z,578,1,0,4,0,0,0,製品についての詳細や 限定情報は公式サイトをチェック✅ 30%OFFクーポン配布中💫 https://t.co/CeL456qMcl￼
nicopuff_pr,2013893006236230061,2026-01-21T08:34:43.000Z,1270,6,0,11,1,0,1,【✨総勢15名に当たる✨】 🎁ニコパフ プレゼントキャンペーン🎁 15日間の毎日抽選✨ 本日も抽選あります！ 💫 引用元のツイートよりどなたでも参加OK🔥 Threadsでもキャンペーン中💫 ダブル参加で当選率2倍⚡️🔥 https://t.co/BVSYiFza6X… 📢 公式LINE追加で 30％OFFクーポン配布中！🎟️🌟 https://t.co/z4fTfjsfvn
nicopuff_pr,2013733279774499111,2026-01-20T22:00:01.000Z,759,1,0,5,0,0,0,@kzuki_paz 様 ご当選おめでとうございます🎉 ご案内をDMにてお送りしましたので ご確認をよろしくお願い致します🙇
nicopuff_pr,2013467502148493568,2026-01-20T04:23:55.000Z,544,0,0,3,0,0,0,製品についての詳細や 限定情報は公式サイトをチェック✅ 30%OFFクーポン配布中💫 https://t.co/CeL456qMcl￼
nicopuff_pr,2013467164343468218,2026-01-20T04:22:35.000Z,2382,4,1,8,1,1,1,【✨総勢15名に当たる✨】 🎁ニコパフ プレゼントキャンペーン🎁 15日間の毎日抽選✨ 本日も抽選あります！ 💫 引用元のツイートよりどなたでも参加OK🔥 Threadsでもキャンペーン中💫 ダブル参加で当選率2倍⚡️🔥 https://t.co/BVSYiFza6X… 📢 公式LINE追加で 30％OFFクーポン配布中！🎟️🌟 https://t.co/AgxbWeNjU0 https://t.
nicopuff_pr,2013370893620097325,2026-01-19T22:00:02.000Z,527,0,0,3,0,0,0,@sckbnzi1 様 ご当選おめでとうございます🎉 ご案内をDMにてお送りしましたので ご確認をよろしくお願い致します🙇
nicopuff_pr,2013104465067507866,2026-01-19T04:21:20.000Z,941,5,0,9,0,0,1,【✨総勢15名に当たる✨】 🎁ニコパフ プレゼントキャンペーン🎁 15日間の毎日抽選✨ 本日も抽選あります！ 💫 引用元のツイートよりどなたでも参加OK🔥 Threadsでもキャンペーン中💫 ダブル参加で当選率2倍⚡️🔥 https://t.co/IfSx3FQZDl 📢 公式LINE追加で 30％OFFクーポン配布中！🎟️🌟 #ニコパフ https://t.co/z4fTfjsfvn
nicopuff_pr,2013008499631092166,2026-01-18T22:00:00.000Z,2543,0,0,3,0,0,0,@n0rika_628 様 ご当選おめでとうございます🎉 ご案内をDMにてお送りしましたので ご確認をよろしくお願い致します🙇
nicopuff_pr,2012752828629188952,2026-01-18T05:04:04.000Z,382,1,0,3,0,0,0,製品についての詳細や 限定情報は公式サイトをチェック✅ https://t.co/7CG16Tonfz
nicopuff_pr,2012752481755840590,2026-01-18T05:02:41.000Z,1015,4,0,7,1,1,1,【✨総勢15名に当たる✨】 🎁ニコパフ プレゼントキャンペーン🎁 15日間の毎日抽選✨ 今日も抽選あります！ 💫 引用元のツイートよりどなたでも参加OK🔥 📢 公式LINE追加で 30％OFFクーポン配布中！ #ニコパフ #プレゼントキャンペーン #ニコパフプレキャン #NICOPUFF https://t.co/dHl2Ib5TbE https://t.co/z4fTfjrHFP
nicopuff_pr,2012689430960554475,2026-01-18T00:52:08.000Z,499,0,0,7,1,0,0,@LMK_Iris 様 ご当選おめでとうございます🎉 ご案内をDMにてお送りしましたので ご確認をよろしくお願い致します🙇
nicopuff_pr,2012427839463624869,2026-01-17T07:32:40.000Z,916,3,0,8,1,1,1,【✨総勢15名に当たる✨】 🎁ニコパフ プレゼントキャンペーン🎁 15日間の毎日抽選✨ 今日も抽選あります！ 💫 引用元のツイートよりどなたでも参加OK🔥 📢 公式LINE追加で 30％OFFクーポン配布中！ #ニコパフ #プレゼントキャンペーン #ニコパフプレキャン #NICOPUFF https://t.co/s0hSLkdTc2 https://t.co/z4fTfjrHFP
nicopuff_pr,2012352843504660776,2026-01-17T02:34:40.000Z,662,2,0,6,1,0,0,@tacccancorinist 様 ご当選おめでとうございます🎉 ご案内をDMにてお送りしましたので ご確認をよろしくお願い致します🙇
nicopuff_pr,2012034656020152559,2026-01-16T05:30:18.000Z,319,0,0,5,0,0,0,製品についての詳細や 限定情報は公式サイトをチェック✅ https://t.co/CeL456qMcl
nicopuff_pr,2012034389165949362,2026-01-16T05:29:14.000Z,877,3,0,12,1,1,1,【✨総勢15名に当たる✨】 🎁ニコパフ プレゼントキャンペーン🎁 15日間の毎日抽選✨ 今日も抽選あります！ 💫 引用元のツイートよりどなたでも参加OK🔥 📢 公式LINE追加で 30％OFFクーポン配布中！ #ニコパフ #プレゼントキャンペーン #ニコパフプレキャン #NICOPUFF https://t.co/0MX90JirXi https://t.co/z4fTfjsfvn
nicopuff_pr,2011921335589748759,2026-01-15T22:00:00.000Z,513,0,0,4,1,0,0,@______2826 様 ご当選おめでとうございます🎉 ご案内をDMにてお送りしましたので ご確認をよろしくお願い致します🙇
nicopuff_pr,2011640113030447395,2026-01-15T03:22:32.000Z,289,1,0,3,0,0,0,製品についての詳細や 限定情報は公式サイトをチェック✅ https://t.co/7CG16Tonfz
nicopuff_pr,2011639889998332009,2026-01-15T03:21:38.000Z,851,4,0,10,3,1,1,【✨総勢15名に当たる✨】 🎁ニコパフ プレゼントキャンペーン🎁 15日間の毎日抽選✨ 今日も抽選あります！ 💫 引用元のツイートよりどなたでも参加OK🔥 📢 公式LINE追加で 30％OFFクーポン配布中！ #ニコパフ #プレゼントキャンペーン #ニコパフプレキャン #NICOPUFF https://t.co/fqwz6Te7v6 https://t.co/z4fTfjsfvn
nicopuff_pr,2011558948084859273,2026-01-14T22:00:00.000Z,506,0,0,4,1,0,0,@l27_l2v7 様 ご当選おめでとうございます🎉 ご案内をDMにてお送りしましたので ご確認をよろしくお願い致します🙇
nicopuff_pr,2011276046717632928,2026-01-14T03:15:51.000Z,255,0,0,1,0,0,0,製品についての詳細や 限定情報は公式サイトをチェック✅ https://t.co/7CG16Tonfz
nicopuff_pr,2011275784208765234,2026-01-14T03:14:49.000Z,786,4,0,7,2,1,1,【✨総勢15名に当たる✨】 🎁ニコパフ プレゼントキャンペーン🎁 15日間の毎日抽選✨ 今日も抽選あります！ 💫 引用元のツイートよりどなたでも参加OK🔥 📢 公式LINE追加で 30％OFFクーポン配布中！ #ニコパフ #プレゼントキャンペーン #ニコパフプレキャン #NICOPUFF https://t.co/oCqEmd6tcE https://t.co/z4fTfjsfvn
nicopuff_pr,2011196691467420092,2026-01-13T22:00:32.000Z,619,0,1,3,1,0,0,@Kayu0316 様 ご当選おめでとうございます🎉 ご案内をDMにてお送りしましたので ご確認をよろしくお願い致します🙇
nicopuff_pr,2011035686628180300,2026-01-13T11:20:45.000Z,388,3,0,8,0,1,0,✨NICOPUFF新商品発売✨ 改良を重ねて遂に発売🚀 満足度の高い吸いごたえ⚡️ 大容量のフレーバータンクを内蔵✅ 今だけ30%OFFクーポンGET💫 👉(https://t.co/CeL456qMcl) プロフィール固定ツイから プレゼントキャンペーンも開催中🎁🌟 https://t.co/5NjFp9uTqM
nicopuff_pr,2010964069617107261,2026-01-13T06:36:10.000Z,816,3,2,7,1,1,1,NICOPUFF / ニコパフから ✨新商品発売✨ 引用元のツイートより 毎日抽選中【🔥総勢15名様に当たる🔥】 プレゼントキャンペーンに参加できます🎁 30%OFFクーポンも配布中 オンラインストアをチェック✅ (https://t.co/CeL456qMcl) https://t.co/5rAjXOyzUa https://t.co/z4fTfjsfvn
nicopuff_pr,2010834172764701159,2026-01-12T22:00:00.000Z,575,0,0,3,1,0,0,@zolbotlt 様 ご当選おめでとうございます🎉 ご案内をDMにてお送りしましたので ご確認をよろしくお願い致します🙇
nicopuff_pr,2010587133522907151,2026-01-12T05:38:22.000Z,228,1,0,2,0,0,0,製品についての詳細や 限定情報は公式サイトをチェック✅ https://t.co/7CG16Tonfz
nicopuff_pr,2010586601836184040,2026-01-12T05:36:15.000Z,821,4,1,4,1,1,1,【✨総勢15名に当たる✨】 🎁ニコパフ プレゼントキャンペーン🎁 15日間の毎日抽選✨ 今日も抽選あります！ 💫 引用元のツイートよりどなたでも参加OK🔥 📢 公式LINE追加で 30％OFFクーポン配布中！ #ニコパフ #プレゼントキャンペーン #ニコパフプレキャン #NICOPUFF https://t.co/rJ0Cy2ofTF https://t.co/z4fTfjsfvn
nicopuff_pr,2010471788296176090,2026-01-11T22:00:01.000Z,869,1,1,5,1,0,0,@Poh4203 様 ご当選おめでとうございます🎉 ご案内をDMにてお送りしましたので ご確認をよろしくお願い致します🙇
nicohub_japan,1990023843361313015,2025-11-16T11:47:11.000Z,11987,0,0,2,0,0,1,この度はご当選おめでとうございます✨️ ニコハブはハイクオリティのニコパフを多数取り揃えております🙆‍♀️ 当選者限定プレゼントで『繰り返し使える500円OFFクーポン』をプレゼントいたします🎁 是非これからもニコハブをよろしくお願いいたします✨️ #ニコハブ #nicopuff https://t.co/7TRynZAn0h
nicohub_japan,1988933270206321003,2025-11-13T11:33:38.000Z,8209,0,0,3,0,0,1,この度はご当選おめでとうございます✨️ ニコハブはハイクオリティのニコパフを多数取り揃えております🙆‍♀️ 当選者限定プレゼントで『繰り返し使える500円OFFクーポン』をプレゼントいたします🎁 是非これからもニコハブをよろしくお願いいたします✨️ #ニコハブ #nicopuff https://t.co/ZN2a2QoZIx
nicohub_japan,1988933242582626705,2025-11-13T11:33:32.000Z,4050,0,0,1,0,0,1,この度はご当選おめでとうございます✨️ ニコハブはハイクオリティのニコパフを多数取り揃えております🙆‍♀️ 当選者限定プレゼントで『繰り返し使える500円OFFクーポン』をプレゼントいたします🎁 是非これからもニコハブをよろしくお願いいたします✨️ #ニコハブ #nicopuff https://t.co/x2uQvnRgOq
nicohub_japan,1988589168361128425,2025-11-12T12:46:18.000Z,3361,0,0,8,0,1,0,"🚀【新発売】Fizzy Twins登場‼️ 2つの味をスイッチで切替できる✨ デュアルフレーバーVAPE💨 最大50,000パフ🔥 ニコチン5%／USB-C充電対応⚡ 今だけ特別価格¥5,000💰 https://t.co/eccHjafq3m #FizzyTwins #VAPE #ニコパフ #nicohub https://t.co/6iMYk4Fjqz"
nicohub_japan,1985345038679949820,2025-11-03T13:55:17.000Z,3919,2,0,12,4,0,0,🎉当選発表🎉 「ニコパフOKSO」プレゼント企画にたくさんのご応募ありがとうございました！ 厳正なる抽選の結果、以下3名様がご当選です✨ @Speedmind40plus @DjChect @g__gan おめでとうございます✨ #ニコパフ #ニコハブ #ニコチンvape #yooz
nicohub_japan,1984438827780620420,2025-11-01T01:54:20.000Z,3029,3,0,6,5,0,1,たくさんのご応募ありがとうございました✨️ しっかりとコメントを読んで当選発表させていただきます！ 発表は日曜日を予定しております🙆‍♀️ https://t.co/g9sia9Lpw2
nicohub_japan,1982980622575608155,2025-10-28T01:19:57.000Z,5646,5,0,6,0,0,1,ニコハブの抽選は当選者に『繰り返し使える500円OFFクーポン』を配布しています🚀 1度当たればずっとお得にニコパフが吸える。 そんなビッグチャンスをお見逃し無く🙆‍♀️ #ニコパフ #nicopuff https://t.co/g9sia9Lpw2
nicohub_japan,1982766176750256391,2025-10-27T11:07:49.000Z,1937,4,0,8,2,0,1,今日もたくさんの応募ありがとうございます✨️ たくさんの拡散と引用コメントまだまだよろしくお願いいたします🚀 https://t.co/g9sia9Lpw2
nicohub_japan,1982378906712969672,2025-10-26T09:28:56.000Z,1794,5,1,9,1,0,1,早速たくさんの拡散応募ありがとうございます🚀 応募多数が見込まれますので、引用リポストをガンガンお願いいたします✨️ コメントも全てチェックしておりますので、ニコパフが欲しい想いを投稿お願いいたします🙆‍♀️ #ニコパフ #nicopuff https://t.co/g9sia9Lpw2
nicohub_japan,1982274338007978192,2025-10-26T02:33:25.000Z,1473,3,1,7,1,0,1,引用リポストで当選確率アップ🚀 当選者には『ずっと使える500円OFFクーポン』をプレゼント🎁 参加しない理由が無い企画なので、今すぐ参加してね🙆‍♀️ #ニコパフ #nicopuff https://t.co/g9sia9KRGu
nicohub_japan,1982023587864465814,2025-10-25T09:57:02.000Z,3296,0,0,2,1,0,1,この度はご当選おめでとうございます✨️ ニコハブはハイクオリティのニコパフを多数取り揃えております🙆‍♀️ 当選者限定プレゼントで『繰り返し使える500円OFFクーポン』をプレゼントいたします🎁 是非これからもニコハブをよろしくお願いいたします✨️ #ニコハブ #nicopuff https://t.co/QEzYTd34FQ
nicohub_japan,1981930744579834147,2025-10-25T03:48:06.000Z,1419,2,0,7,0,0,0,引用リポストで当選確率アップ🚀 しかも当選者には繰り返し使える500円OFFクーポンをプレゼント🎁 お得なチャンスを見逃すな✨️ #ニコパフ #nicopuff
nicohub_japan,1981894729743958215,2025-10-25T01:25:00.000Z,35144,55,18,62,22,2,0,✨第3回！ニコパフプレゼント企画✨ 今回は【OKSO人気フレーバー】を3名に🎁 📌応募方法 ① @nicohub_japan をフォロー ② この投稿をリポスト ⏰締切：10/31(金)23:59 結果はXで発表！ 🚀500円オフクーポン配布中 詳しくはこちら👇 https://t.co/8AX55eEsPc #ニコパフ #nicopuff https://t.co/fm6x7TYTAh
nicohub_japan,1978430993947058416,2025-10-15T12:01:21.000Z,3465,0,0,4,0,0,1,この度は当選おめでとうございます✨️ ELF BOXグレープアイスは抜群に美味しいので、是非楽しんでくださいね🙆‍♀️ レビュー特典の『ずっと使える500円OFFクーポン』をプレゼントいたしますので、是非ご利用くださいませ！ 引き続きニコハブをよろしくお願いいたします🚀 #ニコパフ #ニコハブ https://t.co/3vC8dBPpK6
nicohub_japan,1978086871293911370,2025-10-14T13:13:55.000Z,2658,0,0,0,0,0,0,ニコハブの抽選キャンペーンでは、当選者の方に『ずっと使える500円OFFクーポン』をプレゼントしています🎁 1度の当選がずっとお得にニコパフを吸える喜びに変わる。 そんな特別体験を提供できればと思っています🚀 #ニコパフ #ニコハブ #yooz #ニコチンベイプ
nicohub_japan,1978080816967143685,2025-10-14T12:49:52.000Z,1694,0,0,4,0,2,0,"🚀NICO PUFF OKSO🚀 脅威の60,000パフ吸えるハイエンドモデル✨️ 気分で選べる10種類のフレーバー。 吸うたびに広がる、上質な時間をあなたに。 今なら【初回限定500円OFFクーポン】配布中！ ◎リンク👇🏻 https://t.co/3j5maZ9scG #NICOHUB #ニコパフ #OKSO #VAPE #電子タバコ #yooz https://t.co/ElhqLUjlZY"
nicohub_japan,1976595216200307034,2025-10-10T10:26:37.000Z,2747,2,0,8,4,0,0,🎉当選発表🎉 「ELF BOX PULSE X レッドブル」プレゼント企画にたくさんのご応募ありがとうございました！ 厳正なる抽選の結果、以下3名様がご当選です✨ @6L0WDFHy8U92342 @3150cbd @lexybaby422 おめでとうございます✨ #ニコパフ #ニコハブ #ニコチンvape #yooz
nicohub_japan,1976094258202644871,2025-10-09T01:15:59.000Z,2623,3,0,6,5,0,1,明日10日(金)に当選者発表です✨️ 心してお待ちくださいませ🚀 #ニコパフ #ニコハブ https://t.co/b8TLit70hr
nicohub_japan,1975363459371180399,2025-10-07T00:52:03.000Z,1254,4,0,9,5,0,1,沢山の応募ありがとうございましまた✨️ これから当選者をじっくり吟味させていただきます。 当選発表まで少々お待ちくださいませ🚀 https://t.co/b8TLit70hr
nicohub_japan,1975188341747540404,2025-10-06T13:16:12.000Z,1065,5,0,4,0,0,1,ラスト2時間切りました‼️ 最後まで応募お待ちしてます🚀 https://t.co/b8TLit70hr
nicohub_japan,1975137366345232415,2025-10-06T09:53:39.000Z,907,3,0,6,1,0,1,ラスト5時間です‼️ 応募がまだの方急ぎましょう🚀 https://t.co/b8TLit70hr
nicohub_japan,1975059589025722686,2025-10-06T04:44:35.000Z,1641,5,0,6,1,0,1,本日締切です‼️ ✅アカウントをフォロー ✅リツイート ✅引用RTで当選確率大幅アップ🚀 駆け込み応募お待ちしております✨️ #ニコパフ #ニコハブ #海外vape https://t.co/b8TLit70hr
nicohub_japan,1974641011403137161,2025-10-05T01:01:18.000Z,1532,2,0,4,1,0,1,締切が間違っておりました🙇🏻‍♀️ 正しくは10/6(月)23:59まででございます！ 残り2日、応募お待ちしております✨️ #ニコパフ #ニコハブ #拡散希望 https://t.co/b8TLit70hr
nicohub_japan,1974468898641908013,2025-10-04T13:37:23.000Z,2118,0,0,0,0,0,1,この度はご当選おめでとうございます！ 他にも美味しいフレーバーがたくさんあるので、是非またニコハブでお買い求めくださいませ✨️ 何回でも使える500円OFFクーポンもプレゼントさせて頂きます🎁 これからもニコハブを何卒よろしくお願いいたします🙆‍♀️ #ニコパフ #ニコハブ https://t.co/TitpQPiUMQ
nicohub_japan,1974345418776690808,2025-10-04T05:26:44.000Z,1229,3,0,4,0,0,1,締切まで残り2日！ 当選者には『繰り返し使える500円OFFクーポン』をプレゼントします🎁 ずっとお得にニコパフを使うならニコハブ一択です🚀 https://t.co/b8TLit70hr
nicohub_japan,1974079244046381085,2025-10-03T11:49:03.000Z,399,0,0,2,0,2,0,OKSO大人気です🚀 至高の味わいと吸い心地を体感してみてください🚬 今ならLINE登録で500円OFFクーポン配布中🎁 クーポンはこちら👇🏻 https://t.co/R65uqw7au8 #ニコパフ #ニコハブ #ニコチンベイプ #yooz https://t.co/ghwMjbYtey
nicohub_japan,1973687058289086636,2025-10-02T09:50:38.000Z,298,0,0,1,0,0,0,キャンペーン当選にはフォローとRTが必須です✨️ お忘れなくお願いいたします🙆‍♀️
nicohub_japan,1973686279843053825,2025-10-02T09:47:33.000Z,569,1,0,3,0,0,1,この度は当選おめでとうございます✨️ 弊社のニコパフは味わい、吸い心地、お値段全てにご満足いただけると思います🙆‍♀️ 当選者限定のずっと使える500円OFFクーポンも是非ご利用くださいませ🚀 引き続きどうぞよろしくお願いいたします！ #ニコパフ #ニコハブ #yooz #ニコチンベイプ https://t.co/Jy8002ctsW
nicohub_japan,1973627797622104286,2025-10-02T05:55:09.000Z,1525,2,0,3,0,0,1,引用RTで当選確率アップです✨️ 当選者の3名には『繰り返し使える500円OFFクーポン』もプレゼント🎁 1度当選すればずーっとお得に購入できる！ニコパフ好きの方には大チャンスです🎉 #ニコパフ #ニコハブ #yooz https://t.co/b8TLit70hr
nicohub_japan,1973627059797893326,2025-10-02T05:52:13.000Z,535,1,1,2,0,0,1,この度は当選おめでとうございます✨️ 是非最高峰のニコパフをお楽しみください🙆‍♀️ キャンペーン当選者の方には、繰り返し使える500円OFFクーポンをプレゼントしております🎁 これからもニコハブのリピートよろしくお願いいたします🥰 #ニコパフ #ニコハブ #yooz https://t.co/JgFEZPjuHW
nicohub_japan,1973222768297881978,2025-10-01T03:05:43.000Z,19451,24,13,22,12,1,0,✨第2回！ニコパフプレゼント企画✨ 今週は【レッドブルフレーバー】を3名様に🎁 📌応募方法 ① @nicohub_tokyo をフォロー ② この投稿をリポスト ⏰締切：10/6(日)23:59 結果はXアカウントで発表！ 🚀500円オフクーポン配布中 詳しくはこちら👇 https://t.co/01ILcU6KSe #ニコパフ #nicopuff https://t.co/wyTGUNBprt
nicohub_japan,1973187973220016531,2025-10-01T00:47:27.000Z,1487,0,0,1,0,0,1,この度はご当選おめでとうございます✨️ とても美味しいので、たくさん楽しんでくださいね🙆‍♀️ 是非リピートもお待ちしております🚀 #ニコパフ #ニコハブ #yooz https://t.co/mcRZgIVYqn
nicohub_japan,1973187814314614799,2025-10-01T00:46:49.000Z,881,0,0,0,0,0,1,この度はご当選おめでとうございます✨️ とても美味しいので、たくさん楽しんでくださいね🙆‍♀️ 是非リピートもお待ちしております🚀 #ニコパフ #ニコハブ #yooz https://t.co/6vSGNZ1zQK
nicohub_japan,1972223006425727180,2025-09-28T08:53:01.000Z,1438,0,0,1,0,0,1,お受け取りありがとうございます✨ とっても味が良いので是非お楽しみくださいませ🙆‍♀️ キャンペーン当選者の方には『繰り返し使える500円OFFクーポン』をプレゼントしておりますので、配布まで少々お待ちくださいませ！ これからもNICOHUBをよろしくお願いいたします🚀 #ニコパフ #ニコハブ #NICOPUF https://t.co/qMETPjYfaQ
nicohub_japan,1972222930663899165,2025-09-28T08:52:43.000Z,3173,0,0,2,0,0,1,お受け取りありがとうございます✨ とっても味が良いので是非お楽しみくださいませ🙆‍♀️ キャンペーン当選者の方には『繰り返し使える500円OFFクーポン』をプレゼントしておりますので、配布まで少々お待ちくださいませ！ これからもNICOHUBをよろしくお願いいたします🚀 #ニコパフ #ニコハブ #NICOPUF https://t.co/kJPCGWdskb
nicohub_japan,1971417590477304001,2025-09-26T03:32:35.000Z,1440,0,0,2,0,0,1,お受け取りありがとうございます✨ とっても味が良いので是非お楽しみくださいませ🙆‍♀️ キャンペーン当選者の方には『繰り返し使える500円OFFクーポン』をプレゼントしておりますので、配布まで少々お待ちくださいませ！ これからもNICOHUBをよろしくお願いいたします🚀 #ニコパフ #ニコハブ #NICOPUF https://t.co/dy4PlxwfE1
nicohub_japan,1971175376870338879,2025-09-25T11:30:07.000Z,1049,0,0,1,0,0,1,お受け取りありがとうございます✨ とっても味が良いので是非お楽しみくださいませ🙆‍♀️ キャンペーン当選者の方には『繰り返し使える500円OFFクーポン』をプレゼントしておりますので、配布まで少々お待ちくださいませ！ これからもNICOHUBをよろしくお願いいたします🚀 #ニコパフ #ニコハブ #NICOPUF https://t.co/2XZgfNOPtQ
nicohub_japan,1968288667841270179,2025-09-17T12:19:22.000Z,598,1,0,3,2,0,1,✨ご当選おめでとうございます✨ NICOHUBでは、当選者様限定で、 ご到着後にレビューをいただいた方へ 繰り返しご利用いただける500円OFFクーポン をご用意しております🎁 一度の当選が、特別なご優待へと続く—— ぜひ次回キャンペーンにもご期待ください🚀 #NICOHUB #ELFBOX #海外VAPE #ニコパフ https://t.co/Im94qxrtQs
nicohub_japan,1968288644948808097,2025-09-17T12:19:16.000Z,433,0,0,3,1,0,1,✨ご当選おめでとうございます✨ NICOHUBでは、当選者様限定で、 ご到着後にレビューをいただいた方へ 繰り返しご利用いただける500円OFFクーポン をご用意しております🎁 一度の当選が、特別なご優待へと続く—— ぜひ次回キャンペーンにもご期待ください🚀 #NICOHUB #ELFBOX #海外VAPE #ニコパフ https://t.co/1q1i2mRtSy
nicohub_japan,1968288613265031552,2025-09-17T12:19:09.000Z,316,0,0,3,1,0,1,✨ご当選おめでとうございます✨ NICOHUBでは、当選者様限定で、 ご到着後にレビューをいただいた方へ 繰り返しご利用いただける500円OFFクーポン をご用意しております🎁 一度の当選が、特別なご優待へと続く—— ぜひ次回キャンペーンにもご期待ください🚀 #NICOHUB #ELFBOX #海外VAPE #ニコパフ https://t.co/NdY8sC7xrF
vapepenzonejp,2080546035018199541,2026-07-24T06:50:04.000Z,523,0,0,3,0,1,0,BUBBLEMON Graffiti 人気の新作上陸！ 1台で3つの味が楽しめるマルチフレーバーベイプ✨ 気分に合わせて切替OK！ ・2つの出力モード（Normal/Turbo） ・気流調整＆LEDディスプレイ搭載 個性を出す、自分だけのスタイルを楽しもう🔥 https://t.co/MEugTYK30j
vapepenzonejp,2041452059032199256,2026-04-07T09:44:33.000Z,908,0,0,1,0,1,0,【新生活応援キャンペーン開催中！🌸】 ELFBAR ICE KING 1% 濃度、人気の9フレーバーが再入荷！📦 さらに今なら豪華特典も✨ ✅GOGO Shock E12000 購入で本体1個無料 ✅ELFBAR LOST MARY 2本目10%OFF ✅1.5万円以上で500円割引 詳細はコチラから https://t.co/cuSapanAAH #vapepenzone #vape https
vapepenzonejp,2033720683138843125,2026-03-17T01:42:50.000Z,820,0,0,3,0,1,0,"3月25日まで「春分の日セール」開催中！ 🌸 人気アイテムが今だけ特別プライスに ✅ 注目ラインナップ ・HQD：2本目が10%OFF ・RELX：本体セットが ¥6,980 ・GOGO SHOCK：10個特価 ¥9,999 ・リキッド：限定バンドル特価 春のVAPEライフをお得にスタート💨 ぜひプロフィールのリンクから！ https://t.co/0oMqqzrR4M"
vapepenzonejp,2008477598284963892,2026-01-06T09:55:49.000Z,1272,0,0,7,0,1,0,冬には、温めさを感じられる赤い系がおすすめです🥰 #vapepenzone #vape https://t.co/8l60QuVPgP
vapepenzonejp,2005560041043308883,2025-12-29T08:42:29.000Z,906,0,0,2,0,1,0,紫色系最高じゃん🥰 https://t.co/P1pgFxcesJ
vapepenzonejp,2003767799160897953,2025-12-24T10:00:46.000Z,1061,0,0,1,0,1,0,"🎍年末年始スペシャルキャンペーン開始🎍 日頃の感謝を込めて超豪華セール開催中✨ 📅12/22〜1/7 🔥HQD 2個目20%OFF 🛍限定福袋(5種) ¥6,980〜 ❄️BC10000 新フレーバー登場 📦Ice King 予約開始(12/29〜発送) 🎁12/25・1/1はポイント2倍！ 早い者勝ち🏃💨 #vapepezone #vape https://t.co/ULQANylNtM"
vapepenzonejp,2003350978440098245,2025-12-23T06:24:28.000Z,1239,0,0,3,0,1,0,日差しに浴びた午後、elfbar ice kingの新フレーバーと一緒に✨ #vapepenzone #vape https://t.co/AWcA3dKug7
vapepenzonejp,2001842882517549336,2025-12-19T02:31:50.000Z,776,0,0,3,0,1,0,全部パープル！😈🍆 この中で、あなたが一番好きなフレーバーはどれ？ もしかして、全部グレープ味だと思ってない…？🍇 #vapepenzone #VAPE https://t.co/Y9td3JO944
vapepenzonejp,1996398055030182111,2025-12-04T01:56:02.000Z,1231,0,0,2,0,0,1,ご紹介本当にありがとうございます！！ これからもぜひよろしくお願いします🔥✨ https://t.co/Tv8EcrfLQg
vapepenzonejp,1990974489698709722,2025-11-19T02:44:43.000Z,1138,0,0,0,0,1,0,"🖤 BLACK FRIDAY 開催！ 11/19〜12/1 の期間限定で、今年最大級のセール実施🔥 ・Al Fakher Crown Bar Crystal → 10%OFF ＋ LINE追加で 無料お試し ・使い捨てVAPE 2本目20%OFF ・15,000円以上 → 1,000円OFF より多くの詳細はプロフィールのリンクから✨ #vapepenzone #vape https://t.co"
vapepenzonejp,1977614973414314062,2025-10-13T05:58:46.000Z,1077,0,0,2,0,1,0,スポーツの日は、自分を整える日。 深呼吸して、気分をリセット #vapepenzone #スポーツの日 https://t.co/YRwIlBLiJd
vapepenzonejp,1976959049578299860,2025-10-11T10:32:22.000Z,1351,0,0,3,0,1,0,🌟 IGET EDGE LP10000 新発売キャンペーン！ ① 期間限定 10%OFF！ ② 先着20名様限定🎁 レビュー投稿＋サポート連絡で 送料全額返金！ ③ 開催期間：10/11〜10/25 ⚡️ #vapepenzone #IGET #VAPE #電子タバコ #キャンペーン #新商品 https://t.co/I8TA6ka7oh
vapepenzonejp,1975373914412142676,2025-10-07T01:33:36.000Z,1246,0,0,2,0,1,0,"🏃‍♂️💨スポーツの日セール開催！ アクティブな休日に特別キャンペーン✨ 🎯3大特典 1️⃣ HQD CUVIE BAR→2本目20%OFF 2️⃣ IGET LIQ→1本購入でVaporCave本体無料🎁 3️⃣ UPENDS UP11→特価￥5,080🔥 10/13(月)はポイント2倍‼️ 📅10/1〜10/13 👉https://t.co/cuSapanAAH #vapepenzone #V"
vapepenzonejp,1972828581152817520,2025-09-30T00:59:21.000Z,2437,0,0,14,1,1,0,おはようー #vapepenzone #elfbar https://t.co/3FFaAgar5C
vapepenzonejp,1972092641937588452,2025-09-28T00:15:00.000Z,899,0,0,2,0,1,0,おはー #vapepenzone #vape好きな人と繋がりたい https://t.co/WzWPUbVPd9
vapepenzonejp,1971715154598679012,2025-09-26T23:15:00.000Z,817,0,0,2,0,1,0,おはようー #vapepenzone #vape好きな人と繋がりたい https://t.co/voQV790Jk1
vapepenzonejp,1971518792636522706,2025-09-26T10:14:43.000Z,771,0,0,4,0,1,0,好きな子選択🥰 #vapepenzone #vape好きな人と繋がりたい https://t.co/qNeP2BzX3o
vapepenzonejp,1971131374108279196,2025-09-25T08:35:16.000Z,763,0,0,8,0,1,0,最近IGET吸ってるけど、フレーバーが想像以上にうまい😳 ちょっとしたリフレッシュにちょうどいい #vapepenzone https://t.co/7PUyNXAs0o
vapepenzonejp,1970630759321940082,2025-09-23T23:26:00.000Z,728,0,0,6,0,1,0,おはー #vapepenzone #楽天さん https://t.co/4r4hO0X4Ql
vapepenzonejp,1970364726992609375,2025-09-23T05:48:53.000Z,818,0,0,1,1,1,0,🍂秋分の日、皆さまいかがお過ごしですか？🍁 【6周年記念キャンペーン第3弾✨】 ✅2本目10%OFF ✅3個買うと+1点無料 ✅リキッド購入で本体プレゼント ✅会員ポイント2倍 👉 9/30(火)まで限定！ #vapepenzone #vape好きな人と繋がりたい #秋分の日 https://t.co/2CJOZQLMsW
vapepenzonejp,1969551397025956235,2025-09-20T23:57:00.000Z,845,0,0,13,0,1,0,おはようー #vapepenzone https://t.co/dG0EXeqz0Z
vapepenzonejp,1969181460256211154,2025-09-19T23:27:00.000Z,690,0,0,2,0,1,0,おはようー #vapepenzone #vape好きな人と繋がりたい https://t.co/GV60Cknc6l
vapepenzonejp,1968932817405968740,2025-09-19T06:58:59.000Z,599,0,0,4,0,1,0,いよいよ金曜日😃 #vapepenzone https://t.co/3Kjv725Ras
vapepenzonejp,1968574049925095791,2025-09-18T07:13:22.000Z,583,0,0,1,0,1,0,周年記念キャンペーン人気配信中！ 今ならお得にゲットできるチャンス！ #vapepenzone #vape好きな人と繋がりたい https://t.co/PAeUUKPnNS
vapepenzonejp,1967785352225284527,2025-09-16T02:59:22.000Z,1046,0,0,2,0,1,0,今日の相棒はこの子😊 #vapepenzone #vape好きな人と繋がりたい #elfbar https://t.co/xGOHDJnAnz
vapepenzonejp,1967529718531657985,2025-09-15T10:03:34.000Z,838,0,0,2,0,1,0,✨VapePenZone 6周年記念イベント第2弾✨ 【9/15〜9/21 敬老の日キャンペーン】 🔥IGET Moon → 2本目20％OFF 🔥IGET Bar Plus → 2本買うと1本無料🎁 🔥リキッド購入で VaporCave 本体進呈 🎁9/15限定：ポイント2倍！ #vapepenzone #vape好きな人と繋がりたい https://t.co/Sjk1QbVutu
vapepenzonejp,1966637957168898069,2025-09-12T23:00:02.000Z,708,0,0,10,0,1,0,おはようー #vapepenzone #vape好きな人と繋がりたい https://t.co/fbs8Ik4BXb
vapepenzonejp,1966391853940658275,2025-09-12T06:42:06.000Z,633,0,0,3,1,1,0,☀️ 今日の相棒たちが到着！ フルーティーから爽快系まで、全部試したくなるラインナップ✨ 次はどれを吸おうかな〜😌💨 #vapepenzone #vape好きな人と繋がりたい https://t.co/xHTIWF7mkV
vapepenzonejp,1965717153652568287,2025-09-10T10:01:05.000Z,656,0,0,0,0,1,0,🚀✨ 新規入荷！UPENDS UP11 シリーズ ✨🚀 人気のVAPEブランド UPENDS から、待望の新製品UP11が日本上陸！ ペン型デザインで持ちやすく、交換式ポッドだから経済的＆環境にも優しい💨 #vapepenzone #vape好きな人と繋がりたい https://t.co/5R6clJla1a
vapepenzonejp,1965327232538427547,2025-09-09T08:11:40.000Z,604,0,0,3,0,1,0,🍏🍇 新しいフレーバーと一緒にリラ ックスタイム✨ ただいま周年記念キャンペーン中につき、GOGO SHOCKポッドをちょっとお得にゲットできちゃいます 。 気になる方はぜひチェックしてみてください💨 #vapepenzone #vape好きな人と繋がりたい #ベイプ https://t.co/WmvolJELVb
vapepenzonejp,1963886813824856543,2025-09-05T08:47:58.000Z,554,0,0,5,0,1,0,軽量で持ち運びやすく、豊富なフレーバーから自分に合 った味を選べるのが魅力です。🥰 #vapepenzone #vape好きな人と繋がりたい https://t.co/CXMAD6XLEv
vapepenzonejp,1963517243880607863,2025-09-04T08:19:25.000Z,514,0,0,3,0,1,0,気分転換はこれで十分。🚶‍♀️💨 #vapepenzone #vape好きな人と繋がりたい https://t.co/z06nRepFLT
vapepenzonejp,1962812002390487519,2025-09-02T09:37:03.000Z,805,0,0,2,0,1,0,"🎂6周年記念イベント第一弾開催中！ ⚡ タイムセール最大九割 💨 RELX Pod 10個→新品Kit無料進呈 💧 リキッド購入でVaporCave無料 🔥 GOGO Shock E12000セット特価¥9,999 ✨ IGET Bar 2本目30%OFF 👑 会員限定：ポイント2倍＋特別クーポン 6年間の感謝を込めて、豪華特典盛りだくさん！ #vapepenzone https://t.co/F"
vapepenzonejp,1960902934004183156,2025-08-28T03:11:05.000Z,2540,0,0,20,1,1,0,おはようー 今日はice king🥰 #vapepenzone #vape好きな人と繋がりたい #elfbar https://t.co/QWVKwta1Ew
vapepenzonejp,1960552760950317431,2025-08-27T03:59:38.000Z,637,0,0,3,0,0,1,素敵なレビューありがとうございます！ ちょっとむせるくらい爽快感強めなGRAPE ICE☺️ https://t.co/u1nEAxybn9
vapepenzonejp,1959827592883925350,2025-08-25T03:58:04.000Z,684,0,0,9,0,1,0,おはようー☀️ 今日の「おつまみ」は…アイスキングとiGETで決まり😋 #vapepenzone https://t.co/uxCM73IIyi
vapepenzonejp,1959046176042348649,2025-08-23T00:13:00.000Z,618,0,0,7,0,1,0,今日はIGETで😋 フルーティーな味わい × 爆煙感、やっぱり最高🥰 #vapepenzone #vape好きな人と繋がりたい https://t.co/QWNLe8HPLe
vapepenzonejp,1958707440507339258,2025-08-22T01:46:59.000Z,580,0,0,13,0,1,0,いただきます😋 #vapepenzone #vape好きな人と繋がりたい https://t.co/JeTamG5rhg
vapepenzonejp,1958354433328476190,2025-08-21T02:24:16.000Z,630,0,0,13,0,1,0,おはようー #vapepenzone #vape好きな人と繋がりたい https://t.co/twr3rnyD2i
vapepenzonejp,1957987216413880624,2025-08-20T02:05:04.000Z,550,0,0,14,0,1,0,おはよう― 今日は四択😋😋 #vapepenzone #vape好きな人と繋がりたい https://t.co/9FSIqaR3fz
Cross_Vape,2093337148791603602,2026-08-28T13:57:23.000Z,350,1,0,5,0,0,1,よろしくお願いします🙏 https://t.co/sUt6kr9ynb
Cross_Vape,2093337115761549703,2026-08-28T13:57:15.000Z,579,1,0,5,0,0,1,よろしくお願いします🙏 https://t.co/M0ZLZuf1cr
Cross_Vape,2093337075626156257,2026-08-28T13:57:05.000Z,437,1,0,6,0,0,1,可愛いやん︎（◜𖥦◝ ） https://t.co/CTDBDhLau6
Cross_Vape,2093337025835655530,2026-08-28T13:56:53.000Z,277,0,0,5,1,0,1,ちょっとおっきめだけど煙で遊べるよ🤣 https://t.co/Z94CdQ8d74
Cross_Vape,2093336946378776922,2026-08-28T13:56:34.000Z,341,1,0,4,0,0,1,オススメ‼️ https://t.co/bMEts0jMWZ
Cross_Vape,2093336908273504515,2026-08-28T13:56:25.000Z,562,0,0,3,1,0,1,写真ツイートに遡れば出てきます！ https://t.co/nr0OWXdgst
Cross_Vape,2093282053634814047,2026-08-28T10:18:27.000Z,237,0,0,4,0,0,1,沢山引用してください！ https://t.co/QdT2i06sjG
Cross_Vape,2093282015911215374,2026-08-28T10:18:18.000Z,304,0,0,4,0,0,1,ぱふぱふ♡ https://t.co/8TPkfLZqmX
Cross_Vape,2093281950358528368,2026-08-28T10:18:02.000Z,242,0,0,3,0,0,1,よろしくお願いします🙏 https://t.co/3RAY8p0C7w
Cross_Vape,2093281928686477501,2026-08-28T10:17:57.000Z,298,0,0,4,0,0,1,マンゴーが超人気‼️ https://t.co/VMiHW6g8xX
Cross_Vape,2093281835367518680,2026-08-28T10:17:35.000Z,264,0,0,4,0,0,1,忘れないうちに通知ON‼️🤣 https://t.co/kt3jkzT6Pw
Cross_Vape,2093281771559522716,2026-08-28T10:17:20.000Z,186,0,0,3,0,0,1,めちゃくちゃぱふれます🤣 https://t.co/o545lko5FM
Cross_Vape,2093281728832164313,2026-08-28T10:17:10.000Z,170,0,0,2,0,0,1,ミントも良かったよ👍 https://t.co/lbeScPnj2d
Cross_Vape,2093281658757857319,2026-08-28T10:16:53.000Z,250,0,0,3,0,0,1,ご購入してください笑 https://t.co/ZSewx4y6Sf
Cross_Vape,2093281595776176378,2026-08-28T10:16:38.000Z,317,2,0,4,0,0,1,パイン推しだな🤣 https://t.co/FyoiaPgVrH
Cross_Vape,2093281557092106451,2026-08-28T10:16:29.000Z,382,0,0,5,0,0,1,拡散🔥 https://t.co/QVkI37zXsU
Cross_Vape,2093281516008931674,2026-08-28T10:16:19.000Z,213,0,0,2,0,0,1,豊富です！ https://t.co/PeAMYUw9iz
Cross_Vape,2093281463559221316,2026-08-28T10:16:06.000Z,281,0,0,4,0,0,1,めちゃくちゃ煙凄いよ👏 https://t.co/ZYrE5U0hTa
Cross_Vape,2093281418508156990,2026-08-28T10:15:56.000Z,282,0,0,3,0,0,1,よろしくお願いします🙇‍♀️ https://t.co/VIDhbz7avQ
Cross_Vape,2093281346588430388,2026-08-28T10:15:38.000Z,131,0,0,3,0,0,1,めちゃくちゃ人気‼️ https://t.co/3x16fNmMyb
Cross_Vape,2093281306163765310,2026-08-28T10:15:29.000Z,302,2,0,7,0,0,1,よろしくお願いします🙏 https://t.co/cmRv8YZM0o
Cross_Vape,2093281279882223869,2026-08-28T10:15:23.000Z,122,0,0,3,0,0,1,ありがとう😊 https://t.co/RGUv6ouJwx
Cross_Vape,2093281254422766068,2026-08-28T10:15:16.000Z,378,0,0,4,0,0,1,毎日ありがとう😭 https://t.co/GNkRvk9nLf
Cross_Vape,2093281222709617067,2026-08-28T10:15:09.000Z,262,0,0,4,0,0,1,拡散拡散🔥 https://t.co/4UKW5dn4nf
Cross_Vape,2093281162387136965,2026-08-28T10:14:55.000Z,243,1,0,3,0,0,1,よろしくお願いします🙏 https://t.co/dCPPIn69tr
Cross_Vape,2093281127494754566,2026-08-28T10:14:46.000Z,177,0,0,5,0,0,1,どれもおすすめ‼️ https://t.co/z8PYC3MMYJ
Cross_Vape,2093015226119840112,2026-08-27T16:38:10.000Z,515,0,0,11,1,0,0,今日は忙しくて全然x出来んかったw 雷光りまくっとるし皆気おつけてね‼️
Cross_Vape,2092533528361926805,2026-08-26T08:44:05.000Z,594,1,0,4,0,0,1,20万パフ‼️ https://t.co/gy0AxGAgJt
Cross_Vape,2092519627255582909,2026-08-26T07:48:50.000Z,551,0,0,4,0,0,1,ありがとう😊 https://t.co/LxC8pdg8Uo
Cross_Vape,2092519583739691300,2026-08-26T07:48:40.000Z,555,0,0,5,0,0,1,よろしくお願いします🙇‍♀️ https://t.co/LZAC0gFME4
Cross_Vape,2092519529972904314,2026-08-26T07:48:27.000Z,500,0,0,4,0,0,1,全部美味いよ🤣 https://t.co/3Rt3qfW9ym
Cross_Vape,2092477425066426795,2026-08-26T05:01:09.000Z,460,0,0,6,0,0,1,おすすめ✨️ https://t.co/fWPDTyYUgI
Cross_Vape,2092477397715276248,2026-08-26T05:01:02.000Z,621,0,0,4,0,0,1,よろしくお願いします🙏 https://t.co/sUZ06Smktk
Cross_Vape,2092447992758612099,2026-08-26T03:04:11.000Z,554,0,0,2,0,0,1,参加してない人急げー🏃💦💨 https://t.co/7HZOyZyHSY
Cross_Vape,2092447958059172237,2026-08-26T03:04:03.000Z,404,0,0,4,0,0,1,おすすめです‼️ https://t.co/WvCsnU8ABi
Cross_Vape,2092447927260311778,2026-08-26T03:03:56.000Z,392,0,0,3,0,0,1,拡散🔥 https://t.co/0Axrb9q6ok
Cross_Vape,2092419658058178751,2026-08-26T01:11:36.000Z,411,0,0,2,0,0,1,ありがとう😊 https://t.co/LmNQDbj1rm
Cross_Vape,2092419605306511836,2026-08-26T01:11:23.000Z,477,0,0,2,0,0,1,ぜひぜひ✨️ https://t.co/BZKY44BO9B
Cross_Vape,2092419517570003423,2026-08-26T01:11:02.000Z,522,0,0,5,0,0,1,ありがとうございます！ よろしくお願いします🙏 https://t.co/cNKER01k98
Cross_Vape,2092419489044582887,2026-08-26T01:10:56.000Z,376,0,0,3,0,0,1,よろしくお願いします🙇‍♀️ https://t.co/2Vkapir4PQ
mymoods_vape,2095104454039310469,2026-09-02T11:00:01.000Z,407,0,0,2,0,1,0,【ベイプの保管方法について】 きちんと保管することで、トラブルを防ぎましょう。 バッテリーの劣化なども軽減することが可能です🔋 ・充電したままの放置や、高温になる車内での保管は避ける ・強い衝撃を加えない。水周りでは取扱いに気をつける https://t.co/0GLeKjXLBU
Cross_Vape,2095332923713212870,2026-09-03T02:07:53.000Z,135,3,0,6,0,0,1,おめでとうございます👏 すぐにまたプレゼント企画やります😝 皆気になってる商品だからレビュー頼んますよ〜👍🤣 https://t.co/F0IIqgKbmd
Cross_Vape,2095332682842743162,2026-09-03T02:06:55.000Z,223,3,1,7,5,0,0,沢山の参加ありがとうございます😊 当選者の方はDMにて 郵便番号、住所、名前 お願いします！ おめでとうございます‼️ @_420_family__ @ggaaprkefuq @vlawva 次回の企画もお楽しみに♡
mymoods_vape,2095466840302489655,2026-09-03T11:00:01.000Z,284,0,0,1,0,2,0,まずはここから🌟 デバイス＋5000パフ相当PODがセットになった スターターキット🏃 人気No.1！ ポッド型ベイプであるMyMoods VAPEを心ゆくまで楽しんでいただける、入門・始めての方におすすめのお得なセットです💪 （写真はデバイス×マスカットグリーンアップルPOD🍏） https://t.co/G6pCBIGqIL
Cross_Vape,2095719366893645988,2026-09-04T03:43:28.000Z,713,0,0,6,1,1,0,そっくりやん 本間中国は🤦‍♂️ https://t.co/VOUuLnSc3V
Cross_Vape,2095719055311462518,2026-09-04T03:42:14.000Z,116,3,0,4,0,0,1,右のやつは新作ではないです！ ただ見た目はほぼ一緒👍 https://t.co/U4ZBHqxsSw
Cross_Vape,2095705284467724590,2026-09-04T02:47:30.000Z,277,3,1,8,1,1,0,クラウンバーをサイトで販売するか悩んでます😁 https://t.co/NDKZeYsO1i
Cross_Vape,2095700720255418793,2026-09-04T02:29:22.000Z,124,0,0,2,0,0,1,よろしくお願いします🙏 https://t.co/y7S7OcVYyZ
Cross_Vape,2095700641939390508,2026-09-04T02:29:03.000Z,167,0,0,3,0,0,1,いつもありがとうございます🙏 https://t.co/ygxu8mYJtT
Cross_Vape,2095700587635777744,2026-09-04T02:28:50.000Z,153,0,0,2,0,0,1,いいね💕︎ https://t.co/9OF6AZOg3B
Cross_Vape,2095700494622826649,2026-09-04T02:28:28.000Z,152,0,0,2,0,0,1,ありがとうございます！ https://t.co/JONGAfNSwv
Cross_Vape,2095700358412775706,2026-09-04T02:27:56.000Z,124,1,0,3,0,0,1,よろしくお願いします🙏 https://t.co/vKl6nEdq5c
Cross_Vape,2095700311403074019,2026-09-04T02:27:45.000Z,107,0,0,3,0,0,1,よろしくお願いします🙏 https://t.co/CHVIXg6Png
Cross_Vape,2095700283259293727,2026-09-04T02:27:38.000Z,457,0,0,2,0,0,1,思ってる以上にコンパクトだよ😍 https://t.co/zxHz2y97r7
Cross_Vape,2095700231304400981,2026-09-04T02:27:26.000Z,143,0,0,2,0,0,1,よろしくお願いします(*^^*) https://t.co/iiFVy2qwBg
Cross_Vape,2095700144541069655,2026-09-04T02:27:05.000Z,102,0,0,0,0,0,1,👍 https://t.co/i1wcHiiOYB
Cross_Vape,2095700106133807442,2026-09-04T02:26:56.000Z,67,0,0,0,0,0,1,よろしくお願いします🙏 https://t.co/RXuOm1c5un
Cross_Vape,2095700017961120051,2026-09-04T02:26:35.000Z,162,0,0,1,0,0,1,よろしくお願いします🙇‍♀️ https://t.co/KjxmuQDrgP
Cross_Vape,2095699950768357617,2026-09-04T02:26:19.000Z,68,0,0,0,1,0,1,え？BANGとかまだ需要あるの？笑 https://t.co/rZIYnWyXH6
mymoods_vape,2095829232530104578,2026-09-04T11:00:02.000Z,322,0,0,1,0,2,0,【味の薄れを防ぐには……】 フレーバーリキッドが内臓されている仕組みのベイプ・ポケットシーシャは、適切な保管や使用で、お気に入りの味わいを長持ちさせることが可能です🫐 ・吸い終わったら直射日光が当たらない、涼しい場所で保管 ・ケースなどに入れ、清潔な状態を保つ https://t.co/iQ0tv7PX29
Cross_Vape,2095883562340008237,2026-09-04T14:35:55.000Z,128,7,0,12,0,1,0,https://t.co/IsFXCXvqHI
mymoods_vape,2096191627190509860,2026-09-05T11:00:03.000Z,219,0,0,1,0,1,0,凍らせたぶどうをゆったり味わうような…… 夏にぴったり、ジューシーで冷たい果実の旨味🍇 MyMoods VAPE GRAPE ICE🧊 https://t.co/xXkcJKcmVO
mymoods_vape,2096554003651805447,2026-09-06T11:00:01.000Z,440,0,0,1,1,2,0,【🫧ベイプの正しい吸い方🫧】 ベイプは紙巻きたばこなどとは異なり、あまり肺にためず、フレーバーの香りや味を楽しむものです🥝 リアルかつ濃厚な味と香りを楽しみながら、自分の吐き出した煙をゆっくり見つめてリラックス。気分を”デザイン”する体験を、ぜひともお手元に。 https://t.co/vIZGqhTYsN
